GTFS Stop ID,Station ID,Line,Stop Name,Borough,CBD,Daytime Routes,GTFS Latitude,GTFS Longitude,Georeference
101,293,Broadway - 7Av,Van Cortlandt Park-242 St,Bx,False,1,40.889248,-73.898583,"-73.898583,40.889248"
103,294,Broadway - 7Av,238 St,Bx,False,1,40.884667,-73.90087,"-73.90087,40.884667"
104,295,Broadway - 7Av,231 St,Bx,False,1,40.878856,-73.904834,"-73.904834,40.878856"
106,296,Broadway - 7Av,Marble Hill-225 St,M,False,1,40.874561,-73.909831,"-73.909831,40.874561"
107,297,Broadway - 7Av,215 St,M,False,1,40.869444,-73.915279,"-73.915279,40.869444"
108,298,Broadway - 7Av,207 St,M,False,1,40.864621,-73.918822,"-73.918822,40.864621"
109,299,Broadway - 7Av,Dyckman St,M,False,1,40.860531,-73.925536,"-73.925536,40.860531"
110,300,Broadway - 7Av,191 St,M,False,1,40.855225,-73.929412,"-73.929412,40.855225"
111,301,Broadway - 7Av,181 St,M,False,1,40.849505,-73.933596,"-73.933596,40.849505"
112,302,Broadway - 7Av,168 St-Washington Hts,M,False,1,40.840556,-73.940133,"-73.940133,40.840556"
113,303,Broadway - 7Av,157 St,M,False,1,40.834041,-73.94489,"-73.94489,40.834041"
114,304,Broadway - 7Av,145 St,M,False,1,40.826551,-73.95036,"-73.95036,40.826551"
115,305,Broadway - 7Av,137 St-City College,M,False,1,40.822008,-73.953676,"-73.953676,40.822008"
116,306,Broadway - 7Av,125 St,M,False,1,40.815581,-73.958372,"-73.958372,40.815581"
117,307,Broadway - 7Av,116 St-Columbia University,M,False,1,40.807722,-73.96411,"-73.96411,40.807722"
118,308,Broadway - 7Av,Cathedral Pkwy (110 St),M,False,1,40.803967,-73.966847,"-73.966847,40.803967"
119,309,Broadway - 7Av,103 St,M,False,1,40.799446,-73.968379,"-73.968379,40.799446"
120,310,Broadway - 7Av,96 St,M,False,1 2 3,40.793919,-73.972323,"-73.972323,40.793919"
121,311,Broadway - 7Av,86 St,M,False,1,40.788644,-73.976218,"-73.976218,40.788644"
122,312,Broadway - 7Av,79 St,M,False,1,40.783934,-73.979917,"-73.979917,40.783934"
123,313,Broadway - 7Av,72 St,M,False,1 2 3,40.778453,-73.98197,"-73.98197,40.778453"
124,314,Broadway - 7Av,66 St-Lincoln Center,M,False,1,40.77344,-73.982209,"-73.982209,40.77344"
125,315,Broadway - 7Av,59 St-Columbus Circle,M,True,1,40.768247,-73.981929,"-73.981929,40.768247"
126,316,Broadway - 7Av,50 St,M,True,1,40.761728,-73.983849,"-73.983849,40.761728"
127,317,Broadway - 7Av,Times Sq-42 St,M,True,1 2 3,40.75529,-73.987495,"-73.987495,40.75529"
128,318,Broadway - 7Av,34 St-Penn Station,M,True,1 2 3,40.750373,-73.991057,"-73.991057,40.750373"
129,319,Broadway - 7Av,28 St,M,True,1,40.747215,-73.993365,"-73.993365,40.747215"
130,320,Broadway - 7Av,23 St,M,True,1,40.744081,-73.995657,"-73.995657,40.744081"
131,321,Broadway - 7Av,18 St,M,True,1,40.74104,-73.997871,"-73.997871,40.74104"
132,322,Broadway - 7Av,14 St,M,True,1 2 3,40.737826,-74.000201,"-74.000201,40.737826"
133,323,Broadway - 7Av,Christopher St-Stonewall,M,True,1,40.733422,-74.002906,"-74.002906,40.733422"
134,324,Broadway - 7Av,Houston St,M,True,1,40.728251,-74.005367,"-74.005367,40.728251"
135,325,Broadway - 7Av,Canal St,M,True,1,40.722854,-74.006277,"-74.006277,40.722854"
136,326,Broadway - 7Av,Franklin St,M,True,1,40.719318,-74.006886,"-74.006886,40.719318"
137,327,Broadway - 7Av,Chambers St,M,True,1 2 3,40.715478,-74.009266,"-74.009266,40.715478"
138,328,Broadway - 7Av,WTC Cortlandt,M,True,1,40.711835,-74.012188,"-74.012188,40.711835"
139,329,Broadway - 7Av,Rector St,M,True,1,40.707513,-74.013783,"-74.013783,40.707513"
142,330,Broadway - 7Av,South Ferry,M,True,1,40.702068,-74.013664,"-74.013664,40.702068"
201,416,Lenox - White Plains Rd,Wakefield-241 St,Bx,False,2,40.903125,-73.85062,"-73.85062,40.903125"
204,417,Lenox - White Plains Rd,Nereid Av,Bx,False,2 5,40.898379,-73.854376,"-73.854376,40.898379"
205,418,Lenox - White Plains Rd,233 St,Bx,False,2 5,40.893193,-73.857473,"-73.857473,40.893193"
206,419,Lenox - White Plains Rd,225 St,Bx,False,2 5,40.888022,-73.860341,"-73.860341,40.888022"
207,420,Lenox - White Plains Rd,219 St,Bx,False,2 5,40.883895,-73.862633,"-73.862633,40.883895"
208,421,Lenox - White Plains Rd,Gun Hill Rd,Bx,False,2 5,40.87785,-73.866256,"-73.866256,40.87785"
209,422,Lenox - White Plains Rd,Burke Av,Bx,False,2 5,40.871356,-73.867164,"-73.867164,40.871356"
210,423,Lenox - White Plains Rd,Allerton Av,Bx,False,2 5,40.865462,-73.867352,"-73.867352,40.865462"
211,424,Lenox - White Plains Rd,Pelham Pkwy,Bx,False,2 5,40.857192,-73.867615,"-73.867615,40.857192"
212,425,Lenox - White Plains Rd,Bronx Park East,Bx,False,2 5,40.848828,-73.868457,"-73.868457,40.848828"
213,426,Lenox - White Plains Rd,E 180 St,Bx,False,2 5,40.841894,-73.873488,"-73.873488,40.841894"
214,427,Lenox - White Plains Rd,West Farms Sq-E Tremont Av,Bx,False,2 5,40.840295,-73.880049,"-73.880049,40.840295"
215,428,Lenox - White Plains Rd,174 St,Bx,False,2 5,40.837288,-73.887734,"-73.887734,40.837288"
216,429,Lenox - White Plains Rd,Freeman St,Bx,False,2 5,40.829993,-73.891865,"-73.891865,40.829993"
217,430,Lenox - White Plains Rd,Simpson St,Bx,False,2 5,40.824073,-73.893064,"-73.893064,40.824073"
218,431,Lenox - White Plains Rd,Intervale Av,Bx,False,2 5,40.822181,-73.896736,"-73.896736,40.822181"
219,432,Lenox - White Plains Rd,Prospect Av,Bx,False,2 5,40.819585,-73.90177,"-73.90177,40.819585"
220,433,Lenox - White Plains Rd,Jackson Av,Bx,False,2 5,40.81649,-73.907807,"-73.907807,40.81649"
221,434,Lenox - White Plains Rd,3 Av-149 St,Bx,False,2 5,40.816109,-73.917757,"-73.917757,40.816109"
222,435,Lenox - White Plains Rd,149 St-Grand Concourse,Bx,False,2 5,40.81841,-73.926718,"-73.926718,40.81841"
224,438,Lenox - White Plains Rd,135 St,M,False,2 3,40.814229,-73.94077,"-73.94077,40.814229"
225,439,Lenox - White Plains Rd,125 St,M,False,2 3,40.807754,-73.945495,"-73.945495,40.807754"
226,440,Lenox - White Plains Rd,116 St,M,False,2 3,40.802098,-73.949625,"-73.949625,40.802098"
227,441,Lenox - White Plains Rd,Central Park North (110 St),M,False,2 3,40.799075,-73.951822,"-73.951822,40.799075"
228,331,Clark St,Park Place,M,True,2 3,40.713051,-74.008811,"-74.008811,40.713051"
229,332,Clark St,Fulton St,M,True,2 3,40.709416,-74.006571,"-74.006571,40.709416"
230,333,Clark St,Wall St,M,True,2 3,40.706821,-74.0091,"-74.0091,40.706821"
231,334,Clark St,Clark St,Bk,False,2 3,40.697466,-73.993086,"-73.993086,40.697466"
232,335,Clark St,Borough Hall,Bk,False,2 3,40.693219,-73.989998,"-73.989998,40.693219"
233,336,Eastern Pky,Hoyt St,Bk,False,2 3,40.690545,-73.985065,"-73.985065,40.690545"
234,337,Eastern Pky,Nevins St,Bk,False,2 3 4 5,40.688246,-73.980492,"-73.980492,40.688246"
235,338,Eastern Pky,Atlantic Av-Barclays Ctr,Bk,False,2 3 4 5,40.684359,-73.977666,"-73.977666,40.684359"
236,339,Eastern Pky,Bergen St,Bk,False,2 3,40.680829,-73.975098,"-73.975098,40.680829"
237,340,Eastern Pky,Grand Army Plaza,Bk,False,2 3,40.675235,-73.971046,"-73.971046,40.675235"
238,341,Eastern Pky,Eastern Pkwy-Brooklyn Museum,Bk,False,2 3,40.671987,-73.964375,"-73.964375,40.671987"
239,342,Eastern Pky,Franklin Av-Medgar Evers College,Bk,False,2 3 4 5,40.670682,-73.958131,"-73.958131,40.670682"
241,353,Nostrand,President St-Medgar Evers College,Bk,False,2 5,40.667883,-73.950683,"-73.950683,40.667883"
242,354,Nostrand,Sterling St,Bk,False,2 5,40.662742,-73.95085,"-73.95085,40.662742"
243,355,Nostrand,Winthrop St,Bk,False,2 5,40.656652,-73.9502,"-73.9502,40.656652"
244,356,Nostrand,Church Av,Bk,False,2 5,40.650843,-73.949575,"-73.949575,40.650843"
245,357,Nostrand,Beverly Rd,Bk,False,2 5,40.645098,-73.948959,"-73.948959,40.645098"
246,358,Nostrand,Newkirk Av-Little Haiti,Bk,False,2 5,40.639967,-73.948411,"-73.948411,40.639967"
247,359,Nostrand,Flatbush Av-Brooklyn College,Bk,False,2 5,40.632836,-73.947642,"-73.947642,40.632836"
248,343,Eastern Pky,Nostrand Av,Bk,False,3,40.669847,-73.950466,"-73.950466,40.669847"
249,344,Eastern Pky,Kingston Av,Bk,False,3,40.669399,-73.942161,"-73.942161,40.669399"
250,345,Eastern Pky,Crown Hts-Utica Av,Bk,False,3 4,40.668897,-73.932942,"-73.932942,40.668897"
251,346,Eastern Pky,Sutter Av-Rutland Rd,Bk,False,3,40.664717,-73.92261,"-73.92261,40.664717"
252,347,Eastern Pky,Saratoga Av,Bk,False,3,40.661453,-73.916327,"-73.916327,40.661453"
253,348,Eastern Pky,Rockaway Av,Bk,False,3,40.662549,-73.908946,"-73.908946,40.662549"
254,349,Eastern Pky,Junius St,Bk,False,3,40.663515,-73.902447,"-73.902447,40.663515"
255,350,Eastern Pky,Pennsylvania Av,Bk,False,3,40.664635,-73.894895,"-73.894895,40.664635"
256,351,Eastern Pky,Van Siclen Av,Bk,False,3,40.665449,-73.889395,"-73.889395,40.665449"
257,352,Eastern Pky,New Lots Av,Bk,False,3,40.666235,-73.884079,"-73.884079,40.666235"
301,436,Lenox - White Plains Rd,Harlem-148 St,M,False,3,40.82388,-73.93647,"-73.93647,40.82388"
302,437,Lenox - White Plains Rd,145 St,M,False,3,40.820421,-73.936245,"-73.936245,40.820421"
401,378,Jerome Av,Woodlawn,Bx,False,4,40.886037,-73.878751,"-73.878751,40.886037"
402,379,Jerome Av,Mosholu Pkwy,Bx,False,4,40.87975,-73.884655,"-73.884655,40.87975"
405,380,Jerome Av,Bedford Park Blvd-Lehman College,Bx,False,4,40.873412,-73.890064,"-73.890064,40.873412"
406,381,Jerome Av,Kingsbridge Rd,Bx,False,4,40.86776,-73.897174,"-73.897174,40.86776"
407,382,Jerome Av,Fordham Rd,Bx,False,4,40.862803,-73.901034,"-73.901034,40.862803"
408,383,Jerome Av,183 St,Bx,False,4,40.858407,-73.903879,"-73.903879,40.858407"
409,384,Jerome Av,Burnside Av,Bx,False,4,40.853453,-73.907684,"-73.907684,40.853453"
410,385,Jerome Av,176 St,Bx,False,4,40.84848,-73.911794,"-73.911794,40.84848"
411,386,Jerome Av,Mt Eden Av,Bx,False,4,40.844434,-73.914685,"-73.914685,40.844434"
412,387,Jerome Av,170 St,Bx,False,4,40.840075,-73.917791,"-73.917791,40.840075"
413,388,Jerome Av,167 St,Bx,False,4,40.835537,-73.9214,"-73.9214,40.835537"
414,389,Jerome Av,161 St-Yankee Stadium,Bx,False,4,40.827994,-73.925831,"-73.925831,40.827994"
415,390,Jerome Av,149 St-Grand Concourse,Bx,False,4,40.818375,-73.927351,"-73.927351,40.818375"
416,391,Jerome Av,138 St-Grand Concourse,Bx,False,4 5,40.813224,-73.929849,"-73.929849,40.813224"
418,412,Lexington Av,Fulton St,M,True,4 5,40.710368,-74.009509,"-74.009509,40.710368"
419,413,Lexington Av,Wall St,M,True,4 5,40.707557,-74.011862,"-74.011862,40.707557"
420,414,Lexington Av,Bowling Green,M,True,4 5,40.704817,-74.014065,"-74.014065,40.704817"
423,415,Eastern Pky,Borough Hall,Bk,False,4 5,40.692404,-73.990151,"-73.990151,40.692404"
501,442,Dyre Av,Eastchester-Dyre Av,Bx,False,5,40.8883,-73.830834,"-73.830834,40.8883"
502,443,Dyre Av,Baychester Av,Bx,False,5,40.878663,-73.838591,"-73.838591,40.878663"
503,444,Dyre Av,Gun Hill Rd,Bx,False,5,40.869526,-73.846384,"-73.846384,40.869526"
504,445,Dyre Av,Pelham Pkwy,Bx,False,5,40.858985,-73.855359,"-73.855359,40.858985"
505,446,Dyre Av,Morris Park,Bx,False,5,40.854364,-73.860495,"-73.860495,40.854364"
601,360,Pelham,Pelham Bay Park,Bx,False,6,40.852462,-73.828121,"-73.828121,40.852462"
602,361,Pelham,Buhre Av,Bx,False,6,40.84681,-73.832569,"-73.832569,40.84681"
603,362,Pelham,Middletown Rd,Bx,False,6,40.843863,-73.836322,"-73.836322,40.843863"
604,363,Pelham,Westchester Sq-E Tremont Av,Bx,False,6,40.839892,-73.842952,"-73.842952,40.839892"
606,364,Pelham,Zerega Av,Bx,False,6,40.836488,-73.847036,"-73.847036,40.836488"
607,365,Pelham,Castle Hill Av,Bx,False,6,40.834255,-73.851222,"-73.851222,40.834255"
608,366,Pelham,Parkchester,Bx,False,6,40.833226,-73.860816,"-73.860816,40.833226"
609,367,Pelham,St Lawrence Av,Bx,False,6,40.831509,-73.867618,"-73.867618,40.831509"
610,368,Pelham,Morrison Av-Soundview,Bx,False,6,40.829521,-73.874516,"-73.874516,40.829521"
611,369,Pelham,Elder Av,Bx,False,6,40.828584,-73.879159,"-73.879159,40.828584"
612,370,Pelham,Whitlock Av,Bx,False,6,40.826525,-73.886283,"-73.886283,40.826525"
613,371,Pelham,Hunts Point Av,Bx,False,6,40.820948,-73.890549,"-73.890549,40.820948"
614,372,Pelham,Longwood Av,Bx,False,6,40.816104,-73.896435,"-73.896435,40.816104"
615,373,Pelham,E 149 St,Bx,False,6,40.812118,-73.904098,"-73.904098,40.812118"
616,374,Pelham,E 143 St-St Mary's St,Bx,False,6,40.808719,-73.907657,"-73.907657,40.808719"
617,375,Pelham,Cypress Av,Bx,False,6,40.805368,-73.914042,"-73.914042,40.805368"
618,376,Pelham,Brook Av,Bx,False,6,40.807566,-73.91924,"-73.91924,40.807566"
619,377,Pelham,3 Av-138 St,Bx,False,6,40.810476,-73.926138,"-73.926138,40.810476"
621,392,Lexington Av,125 St,M,False,4 5 6,40.804138,-73.937594,"-73.937594,40.804138"
622,393,Lexington Av,116 St,M,False,6,40.798629,-73.941617,"-73.941617,40.798629"
623,394,Lexington Av,110 St,M,False,6,40.79502,-73.94425,"-73.94425,40.79502"
624,395,Lexington Av,103 St,M,False,6,40.7906,-73.947478,"-73.947478,40.7906"
625,396,Lexington Av,96 St,M,False,6,40.785672,-73.95107,"-73.95107,40.785672"
626,397,Lexington Av,86 St,M,False,4 5 6,40.779492,-73.955589,"-73.955589,40.779492"
627,398,Lexington Av,77 St,M,False,6,40.77362,-73.959874,"-73.959874,40.77362"
628,399,Lexington Av,68 St-Hunter College,M,False,6,40.768141,-73.96387,"-73.96387,40.768141"
629,400,Lexington Av,59 St,M,True,4 5 6,40.762526,-73.967967,"-73.967967,40.762526"
630,401,Lexington Av,51 St,M,True,6,40.757107,-73.97192,"-73.97192,40.757107"
631,402,Lexington Av,Grand Central-42 St,M,True,4 5 6,40.751776,-73.976848,"-73.976848,40.751776"
632,403,Lexington Av,33 St,M,True,6,40.746081,-73.982076,"-73.982076,40.746081"
633,404,Lexington Av,28 St,M,True,6,40.74307,-73.984264,"-73.984264,40.74307"
634,405,Lexington Av,23 St,M,True,6,40.739864,-73.986599,"-73.986599,40.739864"
635,406,Lexington Av,14 St-Union Sq,M,True,4 5 6,40.734673,-73.989951,"-73.989951,40.734673"
636,407,Lexington Av,Astor Pl,M,True,6,40.730054,-73.99107,"-73.99107,40.730054"
637,408,Lexington Av,Bleecker St,M,True,6,40.725915,-73.994659,"-73.994659,40.725915"
638,409,Lexington Av,Spring St,M,True,6,40.722301,-73.997141,"-73.997141,40.722301"
639,410,Lexington Av,Canal St,M,True,6,40.718803,-74.000193,"-74.000193,40.718803"
640,411,Lexington Av,Brooklyn Bridge-City Hall,M,True,4 5 6,40.713065,-74.004131,"-74.004131,40.713065"
701,447,Flushing,Flushing-Main St,Q,False,7,40.7596,-73.83003,"-73.83003,40.7596"
702,448,Flushing,Mets-Willets Point,Q,False,7,40.754622,-73.845625,"-73.845625,40.754622"
705,449,Flushing,111 St,Q,False,7,40.75173,-73.855334,"-73.855334,40.75173"
706,450,Flushing,103 St-Corona Plaza,Q,False,7,40.749865,-73.8627,"-73.8627,40.749865"
707,451,Flushing,Junction Blvd,Q,False,7,40.749145,-73.869527,"-73.869527,40.749145"
708,452,Flushing,90 St-Elmhurst Av,Q,False,7,40.748408,-73.876613,"-73.876613,40.748408"
709,453,Flushing,82 St-Jackson Hts,Q,False,7,40.747659,-73.883697,"-73.883697,40.747659"
710,454,Flushing,74 St-Broadway,Q,False,7,40.746848,-73.891394,"-73.891394,40.746848"
711,455,Flushing,69 St,Q,False,7,40.746325,-73.896403,"-73.896403,40.746325"
712,456,Flushing,61 St-Woodside,Q,False,7,40.74563,-73.902984,"-73.902984,40.74563"
713,457,Flushing,52 St,Q,False,7,40.744149,-73.912549,"-73.912549,40.744149"
714,458,Flushing,46 St-Bliss St,Q,False,7,40.743132,-73.918435,"-73.918435,40.743132"
715,459,Flushing,40 St-Lowery St,Q,False,7,40.743781,-73.924016,"-73.924016,40.743781"
716,460,Flushing,33 St-Rawson St,Q,False,7,40.744587,-73.930997,"-73.930997,40.744587"
718,461,Flushing,Queensboro Plaza,Q,False,7,40.750582,-73.940202,"-73.940202,40.750582"
719,462,Flushing,Court Sq,Q,False,7,40.747023,-73.945264,"-73.945264,40.747023"
720,463,Flushing,Hunters Point Av,Q,False,7,40.742216,-73.948916,"-73.948916,40.742216"
721,464,Flushing,Vernon Blvd-Jackson Av,Q,False,7,40.742626,-73.953581,"-73.953581,40.742626"
723,465,Flushing,Grand Central-42 St,M,True,7,40.751431,-73.976041,"-73.976041,40.751431"
724,466,Flushing,5 Av,M,True,7,40.753821,-73.981963,"-73.981963,40.753821"
725,467,Flushing,Times Sq-42 St,M,True,7,40.755477,-73.987691,"-73.987691,40.755477"
726,471,Flushing,34 St-Hudson Yards,M,True,7,40.755882,-74.00191,"-74.00191,40.755882"
901,469,Lexington - Shuttle,Grand Central-42 St,M,True,S,40.752769,-73.979189,"-73.979189,40.752769"
902,468,Lexington - Shuttle,Times Sq-42 St,M,True,S,40.755983,-73.986229,"-73.986229,40.755983"
A02,143,8th Av - Fulton St,Inwood-207 St,M,False,A,40.868072,-73.919899,"-73.919899,40.868072"
A03,144,8th Av - Fulton St,Dyckman St,M,False,A,40.865491,-73.927271,"-73.927271,40.865491"
A05,145,8th Av - Fulton St,190 St,M,False,A,40.859022,-73.93418,"-73.93418,40.859022"
A06,146,8th Av - Fulton St,181 St,M,False,A,40.851695,-73.937969,"-73.937969,40.851695"
A07,147,8th Av - Fulton St,175 St,M,False,A,40.847391,-73.939704,"-73.939704,40.847391"
A09,148,8th Av - Fulton St,168 St,M,False,A C,40.840719,-73.939561,"-73.939561,40.840719"
A10,149,8th Av - Fulton St,163 St-Amsterdam Av,M,False,C,40.836013,-73.939892,"-73.939892,40.836013"
A11,150,8th Av - Fulton St,155 St,M,False,C,40.830518,-73.941514,"-73.941514,40.830518"
A12,151,8th Av - Fulton St,145 St,M,False,A C,40.824783,-73.944216,"-73.944216,40.824783"
A14,152,8th Av - Fulton St,135 St,M,False,C B,40.817894,-73.947649,"-73.947649,40.817894"
A15,153,8th Av - Fulton St,125 St,M,False,A C B D,40.811109,-73.952343,"-73.952343,40.811109"
A16,154,8th Av - Fulton St,116 St,M,False,C B,40.805085,-73.954882,"-73.954882,40.805085"
A17,155,8th Av - Fulton St,Cathedral Pkwy (110 St),M,False,C B,40.800603,-73.958161,"-73.958161,40.800603"
A18,156,8th Av - Fulton St,103 St,M,False,C B,40.796092,-73.961454,"-73.961454,40.796092"
A19,157,8th Av - Fulton St,96 St,M,False,C B,40.791642,-73.964696,"-73.964696,40.791642"
A20,158,8th Av - Fulton St,86 St,M,False,C B,40.785868,-73.968916,"-73.968916,40.785868"
A21,159,8th Av - Fulton St,81 St-Museum of Natural History,M,False,C B,40.781433,-73.972143,"-73.972143,40.781433"
A22,160,8th Av - Fulton St,72 St,M,False,C B,40.775594,-73.97641,"-73.97641,40.775594"
A24,161,8th Av - Fulton St,59 St-Columbus Circle,M,True,A C B D,40.768296,-73.981736,"-73.981736,40.768296"
A25,162,8th Av - Fulton St,50 St,M,True,C E,40.762456,-73.985984,"-73.985984,40.762456"
A27,163,8th Av - Fulton St,42 St-Port Authority Bus Terminal,M,True,A C E,40.757308,-73.989735,"-73.989735,40.757308"
A28,164,8th Av - Fulton St,34 St-Penn Station,M,True,A C E,40.752287,-73.993391,"-73.993391,40.752287"
A30,165,8th Av - Fulton St,23 St,M,True,C E,40.745906,-73.998041,"-73.998041,40.745906"
A31,166,8th Av - Fulton St,14 St,M,True,A C E,40.740893,-74.00169,"-74.00169,40.740893"
A32,167,8th Av - Fulton St,W 4 St-Wash Sq,M,True,A C E,40.732338,-74.000495,"-74.000495,40.732338"
A33,168,8th Av - Fulton St,Spring St,M,True,C E,40.726227,-74.003739,"-74.003739,40.726227"
A34,169,8th Av - Fulton St,Canal St,M,True,A C E,40.720824,-74.005229,"-74.005229,40.720824"
A36,170,8th Av - Fulton St,Chambers St,M,True,A C,40.714111,-74.008585,"-74.008585,40.714111"
A38,172,8th Av - Fulton St,Fulton St,M,True,A C,40.710197,-74.007691,"-74.007691,40.710197"
A40,173,8th Av - Fulton St,High St,Bk,False,A C,40.699337,-73.990531,"-73.990531,40.699337"
A41,174,8th Av - Fulton St,Jay St-MetroTech,Bk,False,A C F,40.692338,-73.987342,"-73.987342,40.692338"
A42,175,8th Av - Fulton St,Hoyt-Schermerhorn Sts,Bk,False,A C G,40.688484,-73.985001,"-73.985001,40.688484"
A43,176,8th Av - Fulton St,Lafayette Av,Bk,False,C,40.686113,-73.973946,"-73.973946,40.686113"
A44,177,8th Av - Fulton St,Clinton-Washington Avs,Bk,False,C,40.683263,-73.965838,"-73.965838,40.683263"
A45,178,8th Av - Fulton St,Franklin Av,Bk,False,C,40.68138,-73.956848,"-73.956848,40.68138"
A46,179,8th Av - Fulton St,Nostrand Av,Bk,False,A C,40.680438,-73.950426,"-73.950426,40.680438"
A47,180,8th Av - Fulton St,Kingston-Throop Avs,Bk,False,C,40.679921,-73.940858,"-73.940858,40.679921"
A48,181,8th Av - Fulton St,Utica Av,Bk,False,A C,40.679364,-73.930729,"-73.930729,40.679364"
A49,182,8th Av - Fulton St,Ralph Av,Bk,False,C,40.678822,-73.920786,"-73.920786,40.678822"
A50,183,8th Av - Fulton St,Rockaway Av,Bk,False,C,40.67834,-73.911946,"-73.911946,40.67834"
A51,184,8th Av - Fulton St,Broadway Junction,Bk,False,A C,40.678334,-73.905316,"-73.905316,40.678334"
A52,185,8th Av - Fulton St,Liberty Av,Bk,False,C,40.674542,-73.896548,"-73.896548,40.674542"
A53,186,8th Av - Fulton St,Van Siclen Av,Bk,False,C,40.67271,-73.890358,"-73.890358,40.67271"
A54,187,8th Av - Fulton St,Shepherd Av,Bk,False,C,40.67413,-73.88075,"-73.88075,40.67413"
A55,188,8th Av - Fulton St,Euclid Av,Bk,False,A C,40.675377,-73.872106,"-73.872106,40.675377"
A57,189,Liberty Av,Grant Av,Bk,False,A,40.677044,-73.86505,"-73.86505,40.677044"
A59,190,Liberty Av,80 St,Q,False,A,40.679371,-73.858992,"-73.858992,40.679371"
A60,191,Liberty Av,88 St,Q,False,A,40.679843,-73.85147,"-73.85147,40.679843"
A61,192,Liberty Av,Rockaway Blvd,Q,False,A,40.680429,-73.843853,"-73.843853,40.680429"
A63,193,Liberty Av,104 St,Q,False,A,40.681711,-73.837683,"-73.837683,40.681711"
A64,194,Liberty Av,111 St,Q,False,A,40.684331,-73.832163,"-73.832163,40.684331"
A65,195,Liberty Av,Ozone Park-Lefferts Blvd,Q,False,A,40.685951,-73.825798,"-73.825798,40.685951"
B04,221,63rd St,21 St-Queensbridge,Q,False,F,40.754203,-73.942836,"-73.942836,40.754203"
B06,222,63rd St,Roosevelt Island,M,False,F,40.759145,-73.95326,"-73.95326,40.759145"
B08,223,63rd St,Lexington Av/63 St,M,False,F Q,40.764629,-73.966113,"-73.966113,40.764629"
B10,224,6th Av - Culver,57 St,M,True,F,40.763972,-73.97745,"-73.97745,40.763972"
B12,59,West End,9 Av,Bk,False,D,40.646292,-73.994324,"-73.994324,40.646292"
B13,60,West End,Fort Hamilton Pkwy,Bk,False,D,40.640914,-73.994304,"-73.994304,40.640914"
B14,61,West End,50 St,Bk,False,D,40.63626,-73.994791,"-73.994791,40.63626"
B15,62,West End,55 St,Bk,False,D,40.631435,-73.995476,"-73.995476,40.631435"
B16,63,West End,62 St,Bk,False,D,40.626472,-73.996895,"-73.996895,40.626472"
B17,64,West End,71 St,Bk,False,D,40.619589,-73.998864,"-73.998864,40.619589"
B18,65,West End,79 St,Bk,False,D,40.613501,-74.00061,"-74.00061,40.613501"
B19,66,West End,18 Av,Bk,False,D,40.607954,-74.001736,"-74.001736,40.607954"
B20,67,West End,20 Av,Bk,False,D,40.604556,-73.998168,"-73.998168,40.604556"
B21,68,West End,Bay Pkwy,Bk,False,D,40.601875,-73.993728,"-73.993728,40.601875"
B22,69,West End,25 Av,Bk,False,D,40.597704,-73.986829,"-73.986829,40.597704"
B23,70,West End,Bay 50 St,Bk,False,D,40.588841,-73.983765,"-73.983765,40.588841"
D01,210,Concourse,Norwood-205 St,Bx,False,D,40.874811,-73.878855,"-73.878855,40.874811"
D03,211,Concourse,Bedford Park Blvd,Bx,False,B D,40.873244,-73.887138,"-73.887138,40.873244"
D04,212,Concourse,Kingsbridge Rd,Bx,False,B D,40.866978,-73.893509,"-73.893509,40.866978"
D05,213,Concourse,Fordham Rd,Bx,False,B D,40.861296,-73.897749,"-73.897749,40.861296"
D06,214,Concourse,182-183 Sts,Bx,False,B D,40.856093,-73.900741,"-73.900741,40.856093"
D07,215,Concourse,Tremont Av,Bx,False,B D,40.85041,-73.905227,"-73.905227,40.85041"
D08,216,Concourse,174-175 Sts,Bx,False,B D,40.8459,-73.910136,"-73.910136,40.8459"
D09,217,Concourse,170 St,Bx,False,B D,40.839306,-73.9134,"-73.9134,40.839306"
D10,218,Concourse,167 St,Bx,False,B D,40.833771,-73.91844,"-73.91844,40.833771"
D11,219,Concourse,161 St-Yankee Stadium,Bx,False,B D,40.827905,-73.925651,"-73.925651,40.827905"
D12,220,Concourse,155 St,M,False,B D,40.830135,-73.938209,"-73.938209,40.830135"
D13,151,Concourse,145 St,M,False,B D,40.824783,-73.944216,"-73.944216,40.824783"
D14,277,Queens Blvd,7 Av,M,True,E B D,40.762862,-73.981637,"-73.981637,40.762862"
D15,225,6th Av - Culver,47-50 Sts-Rockefeller Ctr,M,True,B D F M,40.758663,-73.981329,"-73.981329,40.758663"
D16,226,6th Av - Culver,42 St-Bryant Pk,M,True,B D F M,40.754222,-73.984569,"-73.984569,40.754222"
D17,227,6th Av - Culver,34 St-Herald Sq,M,True,B D F M,40.749719,-73.987823,"-73.987823,40.749719"
D18,228,6th Av - Culver,23 St,M,True,F M,40.742878,-73.992821,"-73.992821,40.742878"
D19,229,6th Av - Culver,14 St,M,True,F M,40.738228,-73.996209,"-73.996209,40.738228"
D20,167,6th Av - Culver,W 4 St-Wash Sq,M,True,B D F M,40.732338,-74.000495,"-74.000495,40.732338"
D21,230,6th Av - Culver,Broadway-Lafayette St,M,True,B D F M,40.725297,-73.996204,"-73.996204,40.725297"
D22,231,6th Av - Culver,Grand St,M,True,B D,40.718267,-73.993753,"-73.993753,40.718267"
D24,40,Broadway - Brighton,Atlantic Av-Barclays Ctr,Bk,False,B Q,40.68446,-73.97689,"-73.97689,40.68446"
D25,41,Broadway - Brighton,7 Av,Bk,False,B Q,40.67705,-73.972367,"-73.972367,40.67705"
D26,42,Broadway - Brighton,Prospect Park,Bk,False,B Q S,40.661614,-73.962246,"-73.962246,40.661614"
D27,43,Broadway - Brighton,Parkside Av,Bk,False,Q,40.655292,-73.961495,"-73.961495,40.655292"
D28,44,Broadway - Brighton,Church Av,Bk,False,B Q,40.650527,-73.962982,"-73.962982,40.650527"
D29,45,Broadway - Brighton,Beverley Rd,Bk,False,Q,40.644031,-73.964492,"-73.964492,40.644031"
D30,46,Broadway - Brighton,Cortelyou Rd,Bk,False,Q,40.640927,-73.963891,"-73.963891,40.640927"
D31,47,Broadway - Brighton,Newkirk Plaza,Bk,False,B Q,40.635082,-73.962793,"-73.962793,40.635082"
D32,48,Broadway - Brighton,Avenue H,Bk,False,Q,40.62927,-73.961639,"-73.961639,40.62927"
D33,49,Broadway - Brighton,Avenue J,Bk,False,Q,40.625039,-73.960803,"-73.960803,40.625039"
D34,50,Broadway - Brighton,Avenue M,Bk,False,Q,40.617618,-73.959399,"-73.959399,40.617618"
D35,51,Broadway - Brighton,Kings Hwy,Bk,False,B Q,40.60867,-73.957734,"-73.957734,40.60867"
D37,52,Broadway - Brighton,Avenue U,Bk,False,Q,40.5993,-73.955929,"-73.955929,40.5993"
D38,53,Broadway - Brighton,Neck Rd,Bk,False,Q,40.595246,-73.955161,"-73.955161,40.595246"
D39,54,Broadway - Brighton,Sheepshead Bay,Bk,False,B Q,40.586896,-73.954155,"-73.954155,40.586896"
D40,55,Broadway - Brighton,Brighton Beach,Bk,False,B Q,40.577621,-73.961376,"-73.961376,40.577621"
D41,56,Broadway - Brighton,Ocean Pkwy,Bk,False,Q,40.576312,-73.968501,"-73.968501,40.576312"
D42,57,Broadway - Brighton,W 8 St-NY Aquarium,Bk,False,F Q,40.576127,-73.975939,"-73.975939,40.576127"
D43,58,Sea Beach / West End / Culver / Brighton,Coney Island-Stillwell Av,Bk,False,D F N Q,40.577422,-73.981233,"-73.981233,40.577422"
E01,171,8th Av - Fulton St,World Trade Center,M,True,E,40.712582,-74.009781,"-74.009781,40.712582"
F01,254,Queens Blvd,Jamaica-179 St,Q,False,F,40.712646,-73.783817,"-73.783817,40.712646"
F02,255,Queens Blvd,169 St,Q,False,F,40.71047,-73.793604,"-73.793604,40.71047"
F03,256,Queens Blvd,Parsons Blvd,Q,False,F,40.707564,-73.803326,"-73.803326,40.707564"
F04,257,Queens Blvd,Sutphin Blvd,Q,False,F,40.70546,-73.810708,"-73.810708,40.70546"
F05,258,Queens Blvd,Briarwood,Q,False,E F,40.709179,-73.820574,"-73.820574,40.709179"
F06,259,Queens Blvd,Kew Gardens-Union Tpke,Q,False,E F,40.714441,-73.831008,"-73.831008,40.714441"
F07,260,Queens Blvd,75 Av,Q,False,E F,40.718331,-73.837324,"-73.837324,40.718331"
F09,274,Queens Blvd,Court Sq-23 St,Q,False,E M,40.747846,-73.946,"-73.946,40.747846"
F11,275,Queens Blvd,Lexington Av/53 St,M,True,E M,40.757552,-73.969055,"-73.969055,40.757552"
F12,276,Queens Blvd,5 Av/53 St,M,True,E M,40.760167,-73.975224,"-73.975224,40.760167"
F14,232,6th Av - Culver,2 Av,M,True,F,40.723402,-73.989938,"-73.989938,40.723402"
F15,233,6th Av - Culver,Delancey St-Essex St,M,True,F,40.718611,-73.988114,"-73.988114,40.718611"
F16,234,6th Av - Culver,East Broadway,M,True,F,40.713715,-73.990173,"-73.990173,40.713715"
F18,235,6th Av - Culver,York St,Bk,False,F,40.701397,-73.986751,"-73.986751,40.701397"
F20,236,6th Av - Culver,Bergen St,Bk,False,F G,40.686145,-73.990862,"-73.990862,40.686145"
F21,237,6th Av - Culver,Carroll St,Bk,False,F G,40.680303,-73.995048,"-73.995048,40.680303"
F22,238,6th Av - Culver,Smith-9 Sts,Bk,False,F G,40.67358,-73.995959,"-73.995959,40.67358"
F23,239,6th Av - Culver,4 Av-9 St,Bk,False,F G,40.670272,-73.989779,"-73.989779,40.670272"
F24,240,6th Av - Culver,7 Av,Bk,False,F G,40.666271,-73.980305,"-73.980305,40.666271"
F25,241,6th Av - Culver,15 St-Prospect Park,Bk,False,F G,40.660365,-73.979493,"-73.979493,40.660365"
F26,242,6th Av - Culver,Fort Hamilton Pkwy,Bk,False,F G,40.650782,-73.975776,"-73.975776,40.650782"
F27,243,6th Av - Culver,Church Av,Bk,False,F G,40.644041,-73.979678,"-73.979678,40.644041"
F29,244,6th Av - Culver,Ditmas Av,Bk,False,F,40.636119,-73.978172,"-73.978172,40.636119"
F30,245,6th Av - Culver,18 Av,Bk,False,F,40.629755,-73.976971,"-73.976971,40.629755"
F31,246,6th Av - Culver,Avenue I,Bk,False,F,40.625322,-73.976127,"-73.976127,40.625322"
F32,247,6th Av - Culver,Bay Pkwy,Bk,False,F,40.620769,-73.975264,"-73.975264,40.620769"
F33,248,6th Av - Culver,Avenue N,Bk,False,F,40.61514,-73.974197,"-73.974197,40.61514"
F34,249,6th Av - Culver,Avenue P,Bk,False,F,40.608944,-73.973022,"-73.973022,40.608944"
F35,250,6th Av - Culver,Kings Hwy,Bk,False,F,40.603217,-73.972361,"-73.972361,40.603217"
F36,251,6th Av - Culver,Avenue U,Bk,False,F,40.596063,-73.973357,"-73.973357,40.596063"
F38,252,6th Av - Culver,Avenue X,Bk,False,F,40.58962,-73.97425,"-73.97425,40.58962"
F39,253,6th Av - Culver,Neptune Av,Bk,False,F,40.581011,-73.974574,"-73.974574,40.581011"
G05,278,Queens - Archer,Jamaica Center-Parsons/Archer,Q,False,E J Z,40.702147,-73.801109,"-73.801109,40.702147"
G06,279,Queens - Archer,Sutphin Blvd-Archer Av-JFK Airport,Q,False,E J Z,40.700486,-73.807969,"-73.807969,40.700486"
G07,280,Queens - Archer,Jamaica-Van Wyck,Q,False,E,40.702566,-73.816859,"-73.816859,40.702566"
G08,261,Queens Blvd,Forest Hills-71 Av,Q,False,E F M R,40.721691,-73.844521,"-73.844521,40.721691"
G09,262,Queens Blvd,67 Av,Q,False,M R,40.726523,-73.852719,"-73.852719,40.726523"
G10,263,Queens Blvd,63 Dr-Rego Park,Q,False,M R,40.729846,-73.861604,"-73.861604,40.729846"
G11,264,Queens Blvd,Woodhaven Blvd,Q,False,M R,40.733106,-73.869229,"-73.869229,40.733106"
G12,265,Queens Blvd,Grand Av-Newtown,Q,False,M R,40.737015,-73.877223,"-73.877223,40.737015"
G13,266,Queens Blvd,Elmhurst Av,Q,False,M R,40.742454,-73.882017,"-73.882017,40.742454"
G14,267,Queens Blvd,Jackson Hts-Roosevelt Av,Q,False,E F M R,40.746644,-73.891338,"-73.891338,40.746644"
G15,268,Queens Blvd,65 St,Q,False,M R,40.749669,-73.898453,"-73.898453,40.749669"
G16,269,Queens Blvd,Northern Blvd,Q,False,M R,40.752885,-73.906006,"-73.906006,40.752885"
G18,270,Queens Blvd,46 St,Q,False,M R,40.756312,-73.913333,"-73.913333,40.756312"
G19,271,Queens Blvd,Steinway St,Q,False,M R,40.756879,-73.92074,"-73.92074,40.756879"
G20,272,Queens Blvd,36 St,Q,False,M R,40.752039,-73.928781,"-73.928781,40.752039"
G21,273,Queens Blvd,Queens Plaza,Q,False,E M R,40.748973,-73.937243,"-73.937243,40.748973"
G22,281,Crosstown,Court Sq,Q,False,G,40.746554,-73.943832,"-73.943832,40.746554"
G24,282,Crosstown,21 St,Q,False,G,40.744065,-73.949724,"-73.949724,40.744065"
G26,283,Crosstown,Greenpoint Av,Bk,False,G,40.731352,-73.954449,"-73.954449,40.731352"
G28,284,Crosstown,Nassau Av,Bk,False,G,40.724635,-73.951277,"-73.951277,40.724635"
G29,285,Crosstown,Metropolitan Av,Bk,False,G,40.712792,-73.951418,"-73.951418,40.712792"
G30,286,Crosstown,Broadway,Bk,False,G,40.706092,-73.950308,"-73.950308,40.706092"
G31,287,Crosstown,Flushing Av,Bk,False,G,40.700377,-73.950234,"-73.950234,40.700377"
G32,288,Crosstown,Myrtle-Willoughby Avs,Bk,False,G,40.694568,-73.949046,"-73.949046,40.694568"
G33,289,Crosstown,Bedford-Nostrand Avs,Bk,False,G,40.689627,-73.953522,"-73.953522,40.689627"
G34,290,Crosstown,Classon Av,Bk,False,G,40.688873,-73.96007,"-73.96007,40.688873"
G35,291,Crosstown,Clinton-Washington Avs,Bk,False,G,40.688089,-73.966839,"-73.966839,40.688089"
G36,292,Crosstown,Fulton St,Bk,False,G,40.687119,-73.975375,"-73.975375,40.687119"
H01,196,Rockaway,Aqueduct Racetrack,Q,False,A,40.672097,-73.835919,"-73.835919,40.672097"
H02,197,Rockaway,Aqueduct-N Conduit Av,Q,False,A,40.668234,-73.834058,"-73.834058,40.668234"
H03,198,Rockaway,Howard Beach-JFK Airport,Q,False,A,40.660476,-73.830301,"-73.830301,40.660476"
H04,199,Rockaway,Broad Channel,Q,False,A S,40.608382,-73.815925,"-73.815925,40.608382"
H06,204,Rockaway,Beach 67 St,Q,False,A,40.590927,-73.796924,"-73.796924,40.590927"
H07,205,Rockaway,Beach 60 St,Q,False,A,40.592374,-73.788522,"-73.788522,40.592374"
H08,206,Rockaway,Beach 44 St,Q,False,A,40.592943,-73.776013,"-73.776013,40.592943"
H09,207,Rockaway,Beach 36 St,Q,False,A,40.595398,-73.768175,"-73.768175,40.595398"
H10,208,Rockaway,Beach 25 St,Q,False,A,40.600066,-73.761353,"-73.761353,40.600066"
H11,209,Rockaway,Far Rockaway-Mott Av,Q,False,A,40.603995,-73.755405,"-73.755405,40.603995"
H12,200,Rockaway,Beach 90 St,Q,False,A S,40.588034,-73.813641,"-73.813641,40.588034"
H13,201,Rockaway,Beach 98 St,Q,False,A S,40.585307,-73.820558,"-73.820558,40.585307"
H14,202,Rockaway,Beach 105 St,Q,False,A S,40.583209,-73.827559,"-73.827559,40.583209"
H15,203,Rockaway,Rockaway Park-Beach 116 St,Q,False,A S,40.580903,-73.835592,"-73.835592,40.580903"
J12,80,Jamaica,121 St,Q,False,J Z,40.700492,-73.828294,"-73.828294,40.700492"
J13,81,Jamaica,111 St,Q,False,J,40.697418,-73.836345,"-73.836345,40.697418"
J14,82,Jamaica,104 St,Q,False,J Z,40.695178,-73.84433,"-73.84433,40.695178"
J15,83,Jamaica,Woodhaven Blvd,Q,False,J Z,40.693879,-73.851576,"-73.851576,40.693879"
J16,84,Jamaica,85 St-Forest Pkwy,Q,False,J,40.692435,-73.86001,"-73.86001,40.692435"
J17,85,Jamaica,75 St-Elderts Ln,Q,False,J Z,40.691324,-73.867139,"-73.867139,40.691324"
J19,86,Jamaica,Cypress Hills,Bk,False,J,40.689941,-73.87255,"-73.87255,40.689941"
J20,87,Jamaica,Crescent St,Bk,False,J Z,40.683194,-73.873785,"-73.873785,40.683194"
J21,88,Jamaica,Norwood Av,Bk,False,J Z,40.68141,-73.880039,"-73.880039,40.68141"
J22,89,Jamaica,Cleveland St,Bk,False,J,40.679947,-73.884639,"-73.884639,40.679947"
J23,90,Jamaica,Van Siclen Av,Bk,False,J Z,40.678024,-73.891688,"-73.891688,40.678024"
J24,91,Jamaica,Alabama Av,Bk,False,J Z,40.676992,-73.898654,"-73.898654,40.676992"
J27,92,Jamaica,Broadway Junction,Bk,False,J Z,40.679498,-73.904512,"-73.904512,40.679498"
J28,93,Jamaica,Chauncey St,Bk,False,J Z,40.682893,-73.910456,"-73.910456,40.682893"
J29,94,Jamaica,Halsey St,Bk,False,J,40.68637,-73.916559,"-73.916559,40.68637"
J30,95,Jamaica,Gates Av,Bk,False,J Z,40.68963,-73.92227,"-73.92227,40.68963"
J31,96,Jamaica,Kosciuszko St,Bk,False,J,40.693342,-73.928814,"-73.928814,40.693342"
L01,115,Canarsie,8 Av,M,True,L,40.739777,-74.002578,"-74.002578,40.739777"
L02,116,Canarsie,6 Av,M,True,L,40.737335,-73.996786,"-73.996786,40.737335"
L03,117,Canarsie,14 St-Union Sq,M,True,L,40.734789,-73.99073,"-73.99073,40.734789"
L05,118,Canarsie,3 Av,M,True,L,40.732849,-73.986122,"-73.986122,40.732849"
L06,119,Canarsie,1 Av,M,True,L,40.730953,-73.981628,"-73.981628,40.730953"
L08,120,Canarsie,Bedford Av,Bk,False,L,40.717304,-73.956872,"-73.956872,40.717304"
L10,121,Canarsie,Lorimer St,Bk,False,L,40.714063,-73.950275,"-73.950275,40.714063"
L11,122,Canarsie,Graham Av,Bk,False,L,40.714565,-73.944053,"-73.944053,40.714565"
L12,123,Canarsie,Grand St,Bk,False,L,40.711926,-73.94067,"-73.94067,40.711926"
L13,124,Canarsie,Montrose Av,Bk,False,L,40.707739,-73.93985,"-73.93985,40.707739"
L14,125,Canarsie,Morgan Av,Bk,False,L,40.706152,-73.933147,"-73.933147,40.706152"
L15,126,Canarsie,Jefferson St,Bk,False,L,40.706607,-73.922913,"-73.922913,40.706607"
L16,127,Canarsie,DeKalb Av,Bk,False,L,40.703811,-73.918425,"-73.918425,40.703811"
L17,128,Canarsie,Myrtle-Wyckoff Avs,Bk,False,L,40.699814,-73.911586,"-73.911586,40.699814"
L19,129,Canarsie,Halsey St,Q,False,L,40.695602,-73.904084,"-73.904084,40.695602"
L20,130,Canarsie,Wilson Av,Bk,False,L,40.688764,-73.904046,"-73.904046,40.688764"
L21,131,Canarsie,Bushwick Av-Aberdeen St,Bk,False,L,40.682829,-73.905249,"-73.905249,40.682829"
L22,132,Canarsie,Broadway Junction,Bk,False,L,40.678856,-73.90324,"-73.90324,40.678856"
L24,133,Canarsie,Atlantic Av,Bk,False,L,40.675345,-73.903097,"-73.903097,40.675345"
L25,134,Canarsie,Sutter Av,Bk,False,L,40.669367,-73.901975,"-73.901975,40.669367"
L26,135,Canarsie,Livonia Av,Bk,False,L,40.664038,-73.900571,"-73.900571,40.664038"
L27,136,Canarsie,New Lots Av,Bk,False,L,40.658733,-73.899232,"-73.899232,40.658733"
L28,137,Canarsie,East 105 St,Bk,False,L,40.650573,-73.899485,"-73.899485,40.650573"
L29,138,Canarsie,Canarsie-Rockaway Pkwy,Bk,False,L,40.646654,-73.90185,"-73.90185,40.646654"
M01,108,Myrtle Av,Middle Village-Metropolitan Av,Q,False,M,40.711396,-73.889601,"-73.889601,40.711396"
M04,109,Myrtle Av,Fresh Pond Rd,Q,False,M,40.706186,-73.895877,"-73.895877,40.706186"
M05,110,Myrtle Av,Forest Av,Q,False,M,40.704423,-73.903077,"-73.903077,40.704423"
M06,111,Myrtle Av,Seneca Av,Q,False,M,40.702762,-73.90774,"-73.90774,40.702762"
M08,112,Myrtle Av,Myrtle-Wyckoff Avs,Bk,False,M,40.69943,-73.912385,"-73.912385,40.69943"
M09,113,Myrtle Av,Knickerbocker Av,Bk,False,M,40.698664,-73.919711,"-73.919711,40.698664"
M10,114,Myrtle Av,Central Av,Bk,False,M,40.697857,-73.927397,"-73.927397,40.697857"
M11,97,Jamaica,Myrtle Av,Bk,False,M J Z,40.697207,-73.935657,"-73.935657,40.697207"
M12,98,Jamaica,Flushing Av,Bk,False,M J,40.70026,-73.941126,"-73.941126,40.70026"
M13,99,Jamaica,Lorimer St,Bk,False,M J,40.703869,-73.947408,"-73.947408,40.703869"
M14,100,Jamaica,Hewes St,Bk,False,M J,40.70687,-73.953431,"-73.953431,40.70687"
M16,101,Jamaica,Marcy Av,Bk,False,M J Z,40.708359,-73.957757,"-73.957757,40.708359"
M18,102,Jamaica,Delancey St-Essex St,M,True,M J Z,40.718315,-73.987437,"-73.987437,40.718315"
M19,103,Jamaica,Bowery,M,True,J Z,40.72028,-73.993915,"-73.993915,40.72028"
M20,104,Jamaica,Canal St,M,True,J Z,40.718092,-73.999892,"-73.999892,40.718092"
M21,105,Jamaica,Chambers St,M,True,J Z,40.713243,-74.003401,"-74.003401,40.713243"
M22,106,Jamaica,Fulton St,M,True,J Z,40.710374,-74.007582,"-74.007582,40.710374"
M23,107,Jamaica,Broad St,M,True,J Z,40.706476,-74.011056,"-74.011056,40.706476"
N02,71,Sea Beach,8 Av,Bk,False,N,40.635064,-74.011719,"-74.011719,40.635064"
N03,72,Sea Beach,Fort Hamilton Pkwy,Bk,False,N,40.631386,-74.005351,"-74.005351,40.631386"
N04,73,Sea Beach,New Utrecht Av,Bk,False,N,40.624842,-73.996353,"-73.996353,40.624842"
N05,74,Sea Beach,18 Av,Bk,False,N,40.620671,-73.990414,"-73.990414,40.620671"
N06,75,Sea Beach,20 Av,Bk,False,N,40.61741,-73.985026,"-73.985026,40.61741"
N07,76,Sea Beach,Bay Pkwy,Bk,False,N,40.611815,-73.981848,"-73.981848,40.611815"
N08,77,Sea Beach,Kings Hwy,Bk,False,N,40.603923,-73.980353,"-73.980353,40.603923"
N09,78,Sea Beach,Avenue U,Bk,False,N,40.597473,-73.979137,"-73.979137,40.597473"
N10,79,Sea Beach,86 St,Bk,False,N,40.592721,-73.97823,"-73.97823,40.592721"
Q01,19,Manhattan Bridge,Canal St,M,True,N Q,40.718383,-74.00046,"-74.00046,40.718383"
Q03,477,Second Av,72 St,M,False,Q,40.768799,-73.958424,"-73.958424,40.768799"
Q04,476,Second Av,86 St,M,False,Q,40.777891,-73.951787,"-73.951787,40.777891"
Q05,475,Second Av,96 St,M,False,Q,40.784318,-73.947152,"-73.947152,40.784318"
R01,1,Astoria,Astoria-Ditmars Blvd,Q,False,N W,40.775036,-73.912034,"-73.912034,40.775036"
R03,2,Astoria,Astoria Blvd,Q,False,N W,40.770258,-73.917843,"-73.917843,40.770258"
R04,3,Astoria,30 Av,Q,False,N W,40.766779,-73.921479,"-73.921479,40.766779"
R05,4,Astoria,Broadway,Q,False,N W,40.76182,-73.925508,"-73.925508,40.76182"
R06,5,Astoria,36 Av,Q,False,N W,40.756804,-73.929575,"-73.929575,40.756804"
R08,6,Astoria,39 Av-Dutch Kills,Q,False,N W,40.752882,-73.932755,"-73.932755,40.752882"
R09,461,Astoria,Queensboro Plaza,Q,False,N W,40.750582,-73.940202,"-73.940202,40.750582"
R11,7,Astoria,Lexington Av/59 St,M,True,N R W,40.76266,-73.967258,"-73.967258,40.76266"
R13,8,Astoria,5 Av/59 St,M,True,N R W,40.764811,-73.973347,"-73.973347,40.764811"
R14,9,Broadway - Brighton,57 St-7 Av,M,True,N Q R W,40.764664,-73.980658,"-73.980658,40.764664"
R15,10,Broadway - Brighton,49 St,M,True,N R W,40.759901,-73.984139,"-73.984139,40.759901"
R16,11,Broadway - Brighton,Times Sq-42 St,M,True,N Q R W,40.754672,-73.986754,"-73.986754,40.754672"
R17,12,Broadway - Brighton,34 St-Herald Sq,M,True,N Q R W,40.749567,-73.98795,"-73.98795,40.749567"
R18,13,Broadway - Brighton,28 St,M,True,R W,40.745494,-73.988691,"-73.988691,40.745494"
R19,14,Broadway - Brighton,23 St,M,True,R W,40.741303,-73.989344,"-73.989344,40.741303"
R20,15,Broadway - Brighton,14 St-Union Sq,M,True,N Q R W,40.735736,-73.990568,"-73.990568,40.735736"
R21,16,Broadway - Brighton,8 St-NYU,M,True,R W,40.730328,-73.992629,"-73.992629,40.730328"
R22,17,Broadway - Brighton,Prince St,M,True,R W,40.724329,-73.997702,"-73.997702,40.724329"
R23,18,Broadway,Canal St,M,True,R W,40.719527,-74.001775,"-74.001775,40.719527"
R24,20,Broadway,City Hall,M,True,R W,40.713282,-74.006978,"-74.006978,40.713282"
R25,21,Broadway,Cortlandt St,M,True,R W,40.710668,-74.011029,"-74.011029,40.710668"
R26,22,Broadway,Rector St,M,True,R W,40.70722,-74.013342,"-74.013342,40.70722"
R27,23,Broadway,Whitehall St-South Ferry,M,True,R W,40.703087,-74.012994,"-74.012994,40.703087"
R28,24,Broadway,Court St,Bk,False,R,40.6941,-73.991777,"-73.991777,40.6941"
R29,25,Broadway,Jay St-MetroTech,Bk,False,R,40.69218,-73.985942,"-73.985942,40.69218"
R30,26,Broadway - Brighton,DeKalb Av,Bk,False,B Q R,40.690635,-73.981824,"-73.981824,40.690635"
R31,27,4th Av,Atlantic Av-Barclays Ctr,Bk,False,D N R,40.683666,-73.97881,"-73.97881,40.683666"
R32,28,4th Av,Union St,Bk,False,R,40.677316,-73.98311,"-73.98311,40.677316"
R33,29,4th Av,4 Av-9 St,Bk,False,R,40.670847,-73.988302,"-73.988302,40.670847"
R34,30,4th Av,Prospect Av,Bk,False,R,40.665414,-73.992872,"-73.992872,40.665414"
R35,31,4th Av,25 St,Bk,False,R,40.660397,-73.998091,"-73.998091,40.660397"
R36,32,4th Av,36 St,Bk,False,D N R,40.655144,-74.003549,"-74.003549,40.655144"
R39,33,4th Av,45 St,Bk,False,R,40.648939,-74.010006,"-74.010006,40.648939"
R40,34,4th Av,53 St,Bk,False,R,40.645069,-74.014034,"-74.014034,40.645069"
R41,35,4th Av,59 St,Bk,False,N R,40.641362,-74.017881,"-74.017881,40.641362"
R42,36,4th Av,Bay Ridge Av,Bk,False,R,40.634967,-74.023377,"-74.023377,40.634967"
R43,37,4th Av,77 St,Bk,False,R,40.629742,-74.02551,"-74.02551,40.629742"
R44,38,4th Av,86 St,Bk,False,R,40.622687,-74.028398,"-74.028398,40.622687"
R45,39,4th Av,Bay Ridge-95 St,Bk,False,R,40.616622,-74.030876,"-74.030876,40.616622"
S01,139,Franklin Shuttle,Franklin Av,Bk,False,S,40.680596,-73.955827,"-73.955827,40.680596"
S03,141,Franklin Shuttle,Park Pl,Bk,False,S,40.674772,-73.957624,"-73.957624,40.674772"
S04,142,Franklin Shuttle,Botanic Garden,Bk,False,S,40.670343,-73.959245,"-73.959245,40.670343"
S09,522,Staten Island,Tottenville,SI,False,SIR,40.512764,-74.251961,"-74.251961,40.512764"
S11,523,Staten Island,Arthur Kill,SI,False,SIR,40.516578,-74.242096,"-74.242096,40.516578"
S13,519,Staten Island,Richmond Valley,SI,False,SIR,40.519631,-74.229141,"-74.229141,40.519631"
S14,518,Staten Island,Pleasant Plains,SI,False,SIR,40.52241,-74.217847,"-74.217847,40.52241"
S15,517,Staten Island,Prince's Bay,SI,False,SIR,40.525507,-74.200064,"-74.200064,40.525507"
S16,516,Staten Island,Huguenot,SI,False,SIR,40.533674,-74.191794,"-74.191794,40.533674"
S17,515,Staten Island,Annadale,SI,False,SIR,40.54046,-74.178217,"-74.178217,40.54046"
S18,514,Staten Island,Eltingville,SI,False,SIR,40.544601,-74.16457,"-74.16457,40.544601"
S19,513,Staten Island,Great Kills,SI,False,SIR,40.551231,-74.151399,"-74.151399,40.551231"
S20,512,Staten Island,Bay Terrace,SI,False,SIR,40.5564,-74.136907,"-74.136907,40.5564"
S21,511,Staten Island,Oakwood Heights,SI,False,SIR,40.56511,-74.12632,"-74.12632,40.56511"
S22,510,Staten Island,New Dorp,SI,False,SIR,40.57348,-74.11721,"-74.11721,40.57348"
S23,509,Staten Island,Grant City,SI,False,SIR,40.578965,-74.109704,"-74.109704,40.578965"
S24,508,Staten Island,Jefferson Av,SI,False,SIR,40.583591,-74.103338,"-74.103338,40.583591"
S25,507,Staten Island,Dongan Hills,SI,False,SIR,40.588849,-74.09609,"-74.09609,40.588849"
S26,506,Staten Island,Old Town,SI,False,SIR,40.596612,-74.087368,"-74.087368,40.596612"
S27,505,Staten Island,Grasmere,SI,False,SIR,40.603117,-74.084087,"-74.084087,40.603117"
S28,504,Staten Island,Clifton,SI,False,SIR,40.621319,-74.071402,"-74.071402,40.621319"
S29,503,Staten Island,Stapleton,SI,False,SIR,40.627915,-74.075162,"-74.075162,40.627915"
S30,502,Staten Island,Tompkinsville,SI,False,SIR,40.636949,-74.074835,"-74.074835,40.636949"
S31,501,Staten Island,St George,SI,False,SIR,40.643748,-74.073643,"-74.073643,40.643748"
